{"cameraMode":{"drawMode":0,"name":"Shaded","section":"Shading Mode"},"sceneLighting":false,"audioPlay":false,"sceneViewState":{"m_AlwaysRefresh":false,"showFog":true,"showSkybox":false,"showFlares":true,"showImageEffects":true,"showParticleSystems":true,"showVisualEffectGraphs":true,"m_FxEnabled":true},"in2DMode":false,"pivot":{"x":12.435900688171387,"y":1.6510000228881837,"z":15.634650230407715},"rotation":{"x":-0.08360274136066437,"y":-0.00895315408706665,"z":0.0008290586993098259,"w":-0.9965388178825378},"size":0.051161445677280429,"orthographic":false}