{"cameraMode":{"drawMode":0,"name":"Shaded","section":"Shading Mode"},"sceneLighting":false,"audioPlay":false,"sceneViewState":{"m_AlwaysRefresh":false,"showFog":true,"showSkybox":true,"showFlares":true,"showImageEffects":true,"showParticleSystems":true,"showVisualEffectGraphs":true,"m_FxEnabled":true},"in2DMode":false,"pivot":{"x":13.152608871459961,"y":4.675563812255859,"z":-3.0827524662017824},"rotation":{"x":-0.0026665469631552698,"y":0.9970172047615051,"z":-0.06859885156154633,"w":-0.037681564688682559},"size":16.82485580444336,"orthographic":false}