{"cameraMode":{"drawMode":0,"name":"Shaded","section":"Shading Mode"},"sceneLighting":false,"audioPlay":false,"sceneViewState":{"m_AlwaysRefresh":false,"showFog":true,"showSkybox":true,"showFlares":true,"showImageEffects":true,"showParticleSystems":true,"showVisualEffectGraphs":true,"m_FxEnabled":true},"in2DMode":false,"pivot":{"x":18.939899444580079,"y":-2.976532459259033,"z":55.71803665161133},"rotation":{"x":0.043439172208309177,"y":0.0467347726225853,"z":-0.0020344469230622055,"w":0.9979739189147949},"size":38.809226989746097,"orthographic":false}